SchoolName,YearTerm,StudentType,Level,Total
โรงเรียนปทุมวิไล,2564/2,เด็กยากจน,P1,0
โรงเรียนปทุมวิไล,2564/2,เด็กยากจน,P2,0
โรงเรียนปทุมวิไล,2564/2,เด็กยากจน,P3,0
โรงเรียนปทุมวิไล,2564/2,เด็กยากจน,P4,0
โรงเรียนปทุมวิไล,2564/2,เด็กยากจน,P5,0
โรงเรียนปทุมวิไล,2564/2,เด็กยากจน,P6,0
โรงเรียนปทุมวิไล,2564/2,เด็กยากจน,M1,3
โรงเรียนปทุมวิไล,2564/2,เด็กยากจน,M2,0
โรงเรียนปทุมวิไล,2564/2,เด็กยากจน,M3,4
โรงเรียนปทุมวิไล,2564/2,เด็กยากจน,M4,0
โรงเรียนปทุมวิไล,2564/2,เด็กยากจน,M5,0
โรงเรียนปทุมวิไล,2564/2,เด็กยากจน,M6,0
โรงเรียนคณะราษฎร์บำรุงปทุมธานี,2564/2,กำพร้า,P1,0
โรงเรียนคณะราษฎร์บำรุงปทุมธานี,2564/2,กำพร้า,P2,0
โรงเรียนคณะราษฎร์บำรุงปทุมธานี,2564/2,กำพร้า,P3,0
โรงเรียนคณะราษฎร์บำรุงปทุมธานี,2564/2,กำพร้า,P4,0
โรงเรียนคณะราษฎร์บำรุงปทุมธานี,2564/2,กำพร้า,P5,0
โรงเรียนคณะราษฎร์บำรุงปทุมธานี,2564/2,กำพร้า,P6,0
โรงเรียนคณะราษฎร์บำรุงปทุมธานี,2564/2,กำพร้า,M1,1
โรงเรียนคณะราษฎร์บำรุงปทุมธานี,2564/2,กำพร้า,M2,0
โรงเรียนคณะราษฎร์บำรุงปทุมธานี,2564/2,กำพร้า,M3,1
โรงเรียนคณะราษฎร์บำรุงปทุมธานี,2564/2,กำพร้า,M4,1
โรงเรียนคณะราษฎร์บำรุงปทุมธานี,2564/2,กำพร้า,M5,25
โรงเรียนคณะราษฎร์บำรุงปทุมธานี,2564/2,กำพร้า,M6,17
โรงเรียนคณะราษฎร์บำรุงปทุมธานี,2564/2,เด็กยากจน,P1,0
โรงเรียนคณะราษฎร์บำรุงปทุมธานี,2564/2,เด็กยากจน,P2,0
โรงเรียนคณะราษฎร์บำรุงปทุมธานี,2564/2,เด็กยากจน,P3,0
โรงเรียนคณะราษฎร์บำรุงปทุมธานี,2564/2,เด็กยากจน,P4,0
โรงเรียนคณะราษฎร์บำรุงปทุมธานี,2564/2,เด็กยากจน,P5,0
โรงเรียนคณะราษฎร์บำรุงปทุมธานี,2564/2,เด็กยากจน,P6,0
โรงเรียนคณะราษฎร์บำรุงปทุมธานี,2564/2,เด็กยากจน,M1,23
โรงเรียนคณะราษฎร์บำรุงปทุมธานี,2564/2,เด็กยากจน,M2,18
โรงเรียนคณะราษฎร์บำรุงปทุมธานี,2564/2,เด็กยากจน,M3,17
โรงเรียนคณะราษฎร์บำรุงปทุมธานี,2564/2,เด็กยากจน,M4,11
โรงเรียนคณะราษฎร์บำรุงปทุมธานี,2564/2,เด็กยากจน,M5,3
โรงเรียนคณะราษฎร์บำรุงปทุมธานี,2564/2,เด็กยากจน,M6,23
โรงเรียนคณะราษฎร์บำรุงปทุมธานี,2564/2,ทำงานรับผิดชอบตนเองและครอบครัว,P1,0
โรงเรียนคณะราษฎร์บำรุงปทุมธานี,2564/2,ทำงานรับผิดชอบตนเองและครอบครัว,P2,0
โรงเรียนคณะราษฎร์บำรุงปทุมธานี,2564/2,ทำงานรับผิดชอบตนเองและครอบครัว,P3,0
โรงเรียนคณะราษฎร์บำรุงปทุมธานี,2564/2,ทำงานรับผิดชอบตนเองและครอบครัว,P4,0
โรงเรียนคณะราษฎร์บำรุงปทุมธานี,2564/2,ทำงานรับผิดชอบตนเองและครอบครัว,P5,0
โรงเรียนคณะราษฎร์บำรุงปทุมธานี,2564/2,ทำงานรับผิดชอบตนเองและครอบครัว,P6,0
โรงเรียนคณะราษฎร์บำรุงปทุมธานี,2564/2,ทำงานรับผิดชอบตนเองและครอบครัว,M1,0
โรงเรียนคณะราษฎร์บำรุงปทุมธานี,2564/2,ทำงานรับผิดชอบตนเองและครอบครัว,M2,0
โรงเรียนคณะราษฎร์บำรุงปทุมธานี,2564/2,ทำงานรับผิดชอบตนเองและครอบครัว,M3,5
โรงเรียนคณะราษฎร์บำรุงปทุมธานี,2564/2,ทำงานรับผิดชอบตนเองและครอบครัว,M4,1
โรงเรียนคณะราษฎร์บำรุงปทุมธานี,2564/2,ทำงานรับผิดชอบตนเองและครอบครัว,M5,0
โรงเรียนคณะราษฎร์บำรุงปทุมธานี,2564/2,ทำงานรับผิดชอบตนเองและครอบครัว,M6,0
โรงเรียนคณะราษฎร์บำรุงปทุมธานี,2564/2,มีความด้อยโอกาสมากกว่า 1 ประเภท,P1,0
โรงเรียนคณะราษฎร์บำรุงปทุมธานี,2564/2,มีความด้อยโอกาสมากกว่า 1 ประเภท,P2,0
โรงเรียนคณะราษฎร์บำรุงปทุมธานี,2564/2,มีความด้อยโอกาสมากกว่า 1 ประเภท,P3,0
โรงเรียนคณะราษฎร์บำรุงปทุมธานี,2564/2,มีความด้อยโอกาสมากกว่า 1 ประเภท,P4,0
โรงเรียนคณะราษฎร์บำรุงปทุมธานี,2564/2,มีความด้อยโอกาสมากกว่า 1 ประเภท,P5,0
โรงเรียนคณะราษฎร์บำรุงปทุมธานี,2564/2,มีความด้อยโอกาสมากกว่า 1 ประเภท,P6,0
โรงเรียนคณะราษฎร์บำรุงปทุมธานี,2564/2,มีความด้อยโอกาสมากกว่า 1 ประเภท,M1,0
โรงเรียนคณะราษฎร์บำรุงปทุมธานี,2564/2,มีความด้อยโอกาสมากกว่า 1 ประเภท,M2,0
โรงเรียนคณะราษฎร์บำรุงปทุมธานี,2564/2,มีความด้อยโอกาสมากกว่า 1 ประเภท,M3,1
โรงเรียนคณะราษฎร์บำรุงปทุมธานี,2564/2,มีความด้อยโอกาสมากกว่า 1 ประเภท,M4,0
โรงเรียนคณะราษฎร์บำรุงปทุมธานี,2564/2,มีความด้อยโอกาสมากกว่า 1 ประเภท,M5,0
โรงเรียนคณะราษฎร์บำรุงปทุมธานี,2564/2,มีความด้อยโอกาสมากกว่า 1 ประเภท,M6,0
โรงเรียนปทุมธานี นันทมุนีบำรุง,2564/2,กำพร้า,P1,0
โรงเรียนปทุมธานี นันทมุนีบำรุง,2564/2,กำพร้า,P2,0
โรงเรียนปทุมธานี นันทมุนีบำรุง,2564/2,กำพร้า,P3,0
โรงเรียนปทุมธานี นันทมุนีบำรุง,2564/2,กำพร้า,P4,0
โรงเรียนปทุมธานี นันทมุนีบำรุง,2564/2,กำพร้า,P5,0
โรงเรียนปทุมธานี นันทมุนีบำรุง,2564/2,กำพร้า,P6,0
โรงเรียนปทุมธานี นันทมุนีบำรุง,2564/2,กำพร้า,M1,3
โรงเรียนปทุมธานี นันทมุนีบำรุง,2564/2,กำพร้า,M2,0
โรงเรียนปทุมธานี นันทมุนีบำรุง,2564/2,กำพร้า,M3,2
โรงเรียนปทุมธานี นันทมุนีบำรุง,2564/2,กำพร้า,M4,2
โรงเรียนปทุมธานี นันทมุนีบำรุง,2564/2,กำพร้า,M5,0
โรงเรียนปทุมธานี นันทมุนีบำรุง,2564/2,กำพร้า,M6,0
โรงเรียนปทุมธานี นันทมุนีบำรุง,2564/2,เด็กถูกทอดทิ้ง,P1,0
โรงเรียนปทุมธานี นันทมุนีบำรุง,2564/2,เด็กถูกทอดทิ้ง,P2,0
โรงเรียนปทุมธานี นันทมุนีบำรุง,2564/2,เด็กถูกทอดทิ้ง,P3,0
โรงเรียนปทุมธานี นันทมุนีบำรุง,2564/2,เด็กถูกทอดทิ้ง,P4,0
โรงเรียนปทุมธานี นันทมุนีบำรุง,2564/2,เด็กถูกทอดทิ้ง,P5,0
โรงเรียนปทุมธานี นันทมุนีบำรุง,2564/2,เด็กถูกทอดทิ้ง,P6,0
โรงเรียนปทุมธานี นันทมุนีบำรุง,2564/2,เด็กถูกทอดทิ้ง,M1,1
โรงเรียนปทุมธานี นันทมุนีบำรุง,2564/2,เด็กถูกทอดทิ้ง,M2,0
โรงเรียนปทุมธานี นันทมุนีบำรุง,2564/2,เด็กถูกทอดทิ้ง,M3,0
โรงเรียนปทุมธานี นันทมุนีบำรุง,2564/2,เด็กถูกทอดทิ้ง,M4,1
โรงเรียนปทุมธานี นันทมุนีบำรุง,2564/2,เด็กถูกทอดทิ้ง,M5,0
โรงเรียนปทุมธานี นันทมุนีบำรุง,2564/2,เด็กถูกทอดทิ้ง,M6,0
โรงเรียนปทุมธานี นันทมุนีบำรุง,2564/2,เด็กยากจน,P1,0
โรงเรียนปทุมธานี นันทมุนีบำรุง,2564/2,เด็กยากจน,P2,0
โรงเรียนปทุมธานี นันทมุนีบำรุง,2564/2,เด็กยากจน,P3,0
โรงเรียนปทุมธานี นันทมุนีบำรุง,2564/2,เด็กยากจน,P4,0
โรงเรียนปทุมธานี นันทมุนีบำรุง,2564/2,เด็กยากจน,P5,0
โรงเรียนปทุมธานี นันทมุนีบำรุง,2564/2,เด็กยากจน,P6,0
โรงเรียนปทุมธานี นันทมุนีบำรุง,2564/2,เด็กยากจน,M1,136
โรงเรียนปทุมธานี นันทมุนีบำรุง,2564/2,เด็กยากจน,M2,75
โรงเรียนปทุมธานี นันทมุนีบำรุง,2564/2,เด็กยากจน,M3,97
โรงเรียนปทุมธานี นันทมุนีบำรุง,2564/2,เด็กยากจน,M4,62
โรงเรียนปทุมธานี นันทมุนีบำรุง,2564/2,เด็กยากจน,M5,33
โรงเรียนปทุมธานี นันทมุนีบำรุง,2564/2,เด็กยากจน,M6,0
โรงเรียนปทุมธานี นันทมุนีบำรุง,2564/2,มีความด้อยโอกาสมากกว่า 1 ประเภท,P1,0
โรงเรียนปทุมธานี นันทมุนีบำรุง,2564/2,มีความด้อยโอกาสมากกว่า 1 ประเภท,P2,0
โรงเรียนปทุมธานี นันทมุนีบำรุง,2564/2,มีความด้อยโอกาสมากกว่า 1 ประเภท,P3,0
โรงเรียนปทุมธานี นันทมุนีบำรุง,2564/2,มีความด้อยโอกาสมากกว่า 1 ประเภท,P4,0
โรงเรียนปทุมธานี นันทมุนีบำรุง,2564/2,มีความด้อยโอกาสมากกว่า 1 ประเภท,P5,0
โรงเรียนปทุมธานี นันทมุนีบำรุง,2564/2,มีความด้อยโอกาสมากกว่า 1 ประเภท,P6,0
โรงเรียนปทุมธานี นันทมุนีบำรุง,2564/2,มีความด้อยโอกาสมากกว่า 1 ประเภท,M1,1
โรงเรียนปทุมธานี นันทมุนีบำรุง,2564/2,มีความด้อยโอกาสมากกว่า 1 ประเภท,M2,0
โรงเรียนปทุมธานี นันทมุนีบำรุง,2564/2,มีความด้อยโอกาสมากกว่า 1 ประเภท,M3,0
โรงเรียนปทุมธานี นันทมุนีบำรุง,2564/2,มีความด้อยโอกาสมากกว่า 1 ประเภท,M4,0
โรงเรียนปทุมธานี นันทมุนีบำรุง,2564/2,มีความด้อยโอกาสมากกว่า 1 ประเภท,M5,0
โรงเรียนปทุมธานี นันทมุนีบำรุง,2564/2,มีความด้อยโอกาสมากกว่า 1 ประเภท,M6,0
โรงเรียนหอวัง ปทุมธานี,2564/2,กำพร้า,P1,0
โรงเรียนหอวัง ปทุมธานี,2564/2,กำพร้า,P2,0
โรงเรียนหอวัง ปทุมธานี,2564/2,กำพร้า,P3,0
โรงเรียนหอวัง ปทุมธานี,2564/2,กำพร้า,P4,0
โรงเรียนหอวัง ปทุมธานี,2564/2,กำพร้า,P5,0
โรงเรียนหอวัง ปทุมธานี,2564/2,กำพร้า,P6,0
โรงเรียนหอวัง ปทุมธานี,2564/2,กำพร้า,M1,1
โรงเรียนหอวัง ปทุมธานี,2564/2,กำพร้า,M2,0
โรงเรียนหอวัง ปทุมธานี,2564/2,กำพร้า,M3,0
โรงเรียนหอวัง ปทุมธานี,2564/2,กำพร้า,M4,0
โรงเรียนหอวัง ปทุมธานี,2564/2,กำพร้า,M5,0
โรงเรียนหอวัง ปทุมธานี,2564/2,กำพร้า,M6,0
โรงเรียนหอวัง ปทุมธานี,2564/2,ชนกลุ่มน้อย,P1,0
โรงเรียนหอวัง ปทุมธานี,2564/2,ชนกลุ่มน้อย,P2,0
โรงเรียนหอวัง ปทุมธานี,2564/2,ชนกลุ่มน้อย,P3,0
โรงเรียนหอวัง ปทุมธานี,2564/2,ชนกลุ่มน้อย,P4,0
โรงเรียนหอวัง ปทุมธานี,2564/2,ชนกลุ่มน้อย,P5,0
โรงเรียนหอวัง ปทุมธานี,2564/2,ชนกลุ่มน้อย,P6,0
โรงเรียนหอวัง ปทุมธานี,2564/2,ชนกลุ่มน้อย,M1,1
โรงเรียนหอวัง ปทุมธานี,2564/2,ชนกลุ่มน้อย,M2,0
โรงเรียนหอวัง ปทุมธานี,2564/2,ชนกลุ่มน้อย,M3,0
โรงเรียนหอวัง ปทุมธานี,2564/2,ชนกลุ่มน้อย,M4,0
โรงเรียนหอวัง ปทุมธานี,2564/2,ชนกลุ่มน้อย,M5,0
โรงเรียนหอวัง ปทุมธานี,2564/2,ชนกลุ่มน้อย,M6,0
โรงเรียนหอวัง ปทุมธานี,2564/2,เด็กถูกทอดทิ้ง,P1,0
โรงเรียนหอวัง ปทุมธานี,2564/2,เด็กถูกทอดทิ้ง,P2,0
โรงเรียนหอวัง ปทุมธานี,2564/2,เด็กถูกทอดทิ้ง,P3,0
โรงเรียนหอวัง ปทุมธานี,2564/2,เด็กถูกทอดทิ้ง,P4,0
โรงเรียนหอวัง ปทุมธานี,2564/2,เด็กถูกทอดทิ้ง,P5,0
โรงเรียนหอวัง ปทุมธานี,2564/2,เด็กถูกทอดทิ้ง,P6,0
โรงเรียนหอวัง ปทุมธานี,2564/2,เด็กถูกทอดทิ้ง,M1,0
โรงเรียนหอวัง ปทุมธานี,2564/2,เด็กถูกทอดทิ้ง,M2,2
โรงเรียนหอวัง ปทุมธานี,2564/2,เด็กถูกทอดทิ้ง,M3,0
โรงเรียนหอวัง ปทุมธานี,2564/2,เด็กถูกทอดทิ้ง,M4,1
โรงเรียนหอวัง ปทุมธานี,2564/2,เด็กถูกทอดทิ้ง,M5,0
โรงเรียนหอวัง ปทุมธานี,2564/2,เด็กถูกทอดทิ้ง,M6,1
โรงเรียนหอวัง ปทุมธานี,2564/2,เด็กยากจน,P1,0
โรงเรียนหอวัง ปทุมธานี,2564/2,เด็กยากจน,P2,0
โรงเรียนหอวัง ปทุมธานี,2564/2,เด็กยากจน,P3,0
โรงเรียนหอวัง ปทุมธานี,2564/2,เด็กยากจน,P4,0
โรงเรียนหอวัง ปทุมธานี,2564/2,เด็กยากจน,P5,0
โรงเรียนหอวัง ปทุมธานี,2564/2,เด็กยากจน,P6,0
โรงเรียนหอวัง ปทุมธานี,2564/2,เด็กยากจน,M1,52
โรงเรียนหอวัง ปทุมธานี,2564/2,เด็กยากจน,M2,8
โรงเรียนหอวัง ปทุมธานี,2564/2,เด็กยากจน,M3,29
โรงเรียนหอวัง ปทุมธานี,2564/2,เด็กยากจน,M4,31
โรงเรียนหอวัง ปทุมธานี,2564/2,เด็กยากจน,M5,7
โรงเรียนหอวัง ปทุมธานี,2564/2,เด็กยากจน,M6,34
โรงเรียนหอวัง ปทุมธานี,2564/2,ทำงานรับผิดชอบตนเองและครอบครัว,P1,0
โรงเรียนหอวัง ปทุมธานี,2564/2,ทำงานรับผิดชอบตนเองและครอบครัว,P2,0
โรงเรียนหอวัง ปทุมธานี,2564/2,ทำงานรับผิดชอบตนเองและครอบครัว,P3,0
โรงเรียนหอวัง ปทุมธานี,2564/2,ทำงานรับผิดชอบตนเองและครอบครัว,P4,0
โรงเรียนหอวัง ปทุมธานี,2564/2,ทำงานรับผิดชอบตนเองและครอบครัว,P5,0
โรงเรียนหอวัง ปทุมธานี,2564/2,ทำงานรับผิดชอบตนเองและครอบครัว,P6,0
โรงเรียนหอวัง ปทุมธานี,2564/2,ทำงานรับผิดชอบตนเองและครอบครัว,M1,0
โรงเรียนหอวัง ปทุมธานี,2564/2,ทำงานรับผิดชอบตนเองและครอบครัว,M2,0
โรงเรียนหอวัง ปทุมธานี,2564/2,ทำงานรับผิดชอบตนเองและครอบครัว,M3,2
โรงเรียนหอวัง ปทุมธานี,2564/2,ทำงานรับผิดชอบตนเองและครอบครัว,M4,2
โรงเรียนหอวัง ปทุมธานี,2564/2,ทำงานรับผิดชอบตนเองและครอบครัว,M5,1
โรงเรียนหอวัง ปทุมธานี,2564/2,ทำงานรับผิดชอบตนเองและครอบครัว,M6,1
โรงเรียนทีปังกรวิทยาพัฒน์ (มัธยมวัดหัตถสารเกษตร) ในพระราชูปถัมภ์ฯ,2564/2,เด็กในสถานพินิจและคุ้มครองเยาวชน,P1,0
โรงเรียนทีปังกรวิทยาพัฒน์ (มัธยมวัดหัตถสารเกษตร) ในพระราชูปถัมภ์ฯ,2564/2,เด็กในสถานพินิจและคุ้มครองเยาวชน,P2,0
โรงเรียนทีปังกรวิทยาพัฒน์ (มัธยมวัดหัตถสารเกษตร) ในพระราชูปถัมภ์ฯ,2564/2,เด็กในสถานพินิจและคุ้มครองเยาวชน,P3,0
โรงเรียนทีปังกรวิทยาพัฒน์ (มัธยมวัดหัตถสารเกษตร) ในพระราชูปถัมภ์ฯ,2564/2,เด็กในสถานพินิจและคุ้มครองเยาวชน,P4,0
โรงเรียนทีปังกรวิทยาพัฒน์ (มัธยมวัดหัตถสารเกษตร) ในพระราชูปถัมภ์ฯ,2564/2,เด็กในสถานพินิจและคุ้มครองเยาวชน,P5,0
โรงเรียนทีปังกรวิทยาพัฒน์ (มัธยมวัดหัตถสารเกษตร) ในพระราชูปถัมภ์ฯ,2564/2,เด็กในสถานพินิจและคุ้มครองเยาวชน,P6,0
โรงเรียนทีปังกรวิทยาพัฒน์ (มัธยมวัดหัตถสารเกษตร) ในพระราชูปถัมภ์ฯ,2564/2,เด็กในสถานพินิจและคุ้มครองเยาวชน,M1,0
โรงเรียนทีปังกรวิทยาพัฒน์ (มัธยมวัดหัตถสารเกษตร) ในพระราชูปถัมภ์ฯ,2564/2,เด็กในสถานพินิจและคุ้มครองเยาวชน,M2,7
โรงเรียนทีปังกรวิทยาพัฒน์ (มัธยมวัดหัตถสารเกษตร) ในพระราชูปถัมภ์ฯ,2564/2,เด็กในสถานพินิจและคุ้มครองเยาวชน,M3,10
โรงเรียนทีปังกรวิทยาพัฒน์ (มัธยมวัดหัตถสารเกษตร) ในพระราชูปถัมภ์ฯ,2564/2,เด็กในสถานพินิจและคุ้มครองเยาวชน,M4,1
โรงเรียนทีปังกรวิทยาพัฒน์ (มัธยมวัดหัตถสารเกษตร) ในพระราชูปถัมภ์ฯ,2564/2,เด็กในสถานพินิจและคุ้มครองเยาวชน,M5,0
โรงเรียนทีปังกรวิทยาพัฒน์ (มัธยมวัดหัตถสารเกษตร) ในพระราชูปถัมภ์ฯ,2564/2,เด็กในสถานพินิจและคุ้มครองเยาวชน,M6,0
โรงเรียนทีปังกรวิทยาพัฒน์ (มัธยมวัดหัตถสารเกษตร) ในพระราชูปถัมภ์ฯ,2564/2,เด็กยากจน,P1,0
โรงเรียนทีปังกรวิทยาพัฒน์ (มัธยมวัดหัตถสารเกษตร) ในพระราชูปถัมภ์ฯ,2564/2,เด็กยากจน,P2,0
โรงเรียนทีปังกรวิทยาพัฒน์ (มัธยมวัดหัตถสารเกษตร) ในพระราชูปถัมภ์ฯ,2564/2,เด็กยากจน,P3,0
โรงเรียนทีปังกรวิทยาพัฒน์ (มัธยมวัดหัตถสารเกษตร) ในพระราชูปถัมภ์ฯ,2564/2,เด็กยากจน,P4,0
โรงเรียนทีปังกรวิทยาพัฒน์ (มัธยมวัดหัตถสารเกษตร) ในพระราชูปถัมภ์ฯ,2564/2,เด็กยากจน,P5,0
โรงเรียนทีปังกรวิทยาพัฒน์ (มัธยมวัดหัตถสารเกษตร) ในพระราชูปถัมภ์ฯ,2564/2,เด็กยากจน,P6,0
โรงเรียนทีปังกรวิทยาพัฒน์ (มัธยมวัดหัตถสารเกษตร) ในพระราชูปถัมภ์ฯ,2564/2,เด็กยากจน,M1,166
โรงเรียนทีปังกรวิทยาพัฒน์ (มัธยมวัดหัตถสารเกษตร) ในพระราชูปถัมภ์ฯ,2564/2,เด็กยากจน,M2,84
โรงเรียนทีปังกรวิทยาพัฒน์ (มัธยมวัดหัตถสารเกษตร) ในพระราชูปถัมภ์ฯ,2564/2,เด็กยากจน,M3,100
โรงเรียนทีปังกรวิทยาพัฒน์ (มัธยมวัดหัตถสารเกษตร) ในพระราชูปถัมภ์ฯ,2564/2,เด็กยากจน,M4,121
โรงเรียนทีปังกรวิทยาพัฒน์ (มัธยมวัดหัตถสารเกษตร) ในพระราชูปถัมภ์ฯ,2564/2,เด็กยากจน,M5,92
โรงเรียนทีปังกรวิทยาพัฒน์ (มัธยมวัดหัตถสารเกษตร) ในพระราชูปถัมภ์ฯ,2564/2,เด็กยากจน,M6,31
โรงเรียนสวนกุหลาบวิทยาลัย รังสิต,2564/2,เด็กยากจน,P1,0
โรงเรียนสวนกุหลาบวิทยาลัย รังสิต,2564/2,เด็กยากจน,P2,0
โรงเรียนสวนกุหลาบวิทยาลัย รังสิต,2564/2,เด็กยากจน,P3,0
โรงเรียนสวนกุหลาบวิทยาลัย รังสิต,2564/2,เด็กยากจน,P4,0
โรงเรียนสวนกุหลาบวิทยาลัย รังสิต,2564/2,เด็กยากจน,P5,0
โรงเรียนสวนกุหลาบวิทยาลัย รังสิต,2564/2,เด็กยากจน,P6,0
โรงเรียนสวนกุหลาบวิทยาลัย รังสิต,2564/2,เด็กยากจน,M1,8
โรงเรียนสวนกุหลาบวิทยาลัย รังสิต,2564/2,เด็กยากจน,M2,4
โรงเรียนสวนกุหลาบวิทยาลัย รังสิต,2564/2,เด็กยากจน,M3,2
โรงเรียนสวนกุหลาบวิทยาลัย รังสิต,2564/2,เด็กยากจน,M4,2
โรงเรียนสวนกุหลาบวิทยาลัย รังสิต,2564/2,เด็กยากจน,M5,0
โรงเรียนสวนกุหลาบวิทยาลัย รังสิต,2564/2,เด็กยากจน,M6,0
โรงเรียนธรรมศาสตร์คลองหลวงวิทยาคม,2564/2,เด็กยากจน,P1,0
โรงเรียนธรรมศาสตร์คลองหลวงวิทยาคม,2564/2,เด็กยากจน,P2,0
โรงเรียนธรรมศาสตร์คลองหลวงวิทยาคม,2564/2,เด็กยากจน,P3,0
โรงเรียนธรรมศาสตร์คลองหลวงวิทยาคม,2564/2,เด็กยากจน,P4,0
โรงเรียนธรรมศาสตร์คลองหลวงวิทยาคม,2564/2,เด็กยากจน,P5,0
โรงเรียนธรรมศาสตร์คลองหลวงวิทยาคม,2564/2,เด็กยากจน,P6,0
โรงเรียนธรรมศาสตร์คลองหลวงวิทยาคม,2564/2,เด็กยากจน,M1,101
โรงเรียนธรรมศาสตร์คลองหลวงวิทยาคม,2564/2,เด็กยากจน,M2,23
โรงเรียนธรรมศาสตร์คลองหลวงวิทยาคม,2564/2,เด็กยากจน,M3,57
โรงเรียนธรรมศาสตร์คลองหลวงวิทยาคม,2564/2,เด็กยากจน,M4,92
โรงเรียนธรรมศาสตร์คลองหลวงวิทยาคม,2564/2,เด็กยากจน,M5,30
โรงเรียนธรรมศาสตร์คลองหลวงวิทยาคม,2564/2,เด็กยากจน,M6,1
โรงเรียนธรรมศาสตร์คลองหลวงวิทยาคม,2564/2,ทำงานรับผิดชอบตนเองและครอบครัว,P1,0
โรงเรียนธรรมศาสตร์คลองหลวงวิทยาคม,2564/2,ทำงานรับผิดชอบตนเองและครอบครัว,P2,0
โรงเรียนธรรมศาสตร์คลองหลวงวิทยาคม,2564/2,ทำงานรับผิดชอบตนเองและครอบครัว,P3,0
โรงเรียนธรรมศาสตร์คลองหลวงวิทยาคม,2564/2,ทำงานรับผิดชอบตนเองและครอบครัว,P4,0
โรงเรียนธรรมศาสตร์คลองหลวงวิทยาคม,2564/2,ทำงานรับผิดชอบตนเองและครอบครัว,P5,0
โรงเรียนธรรมศาสตร์คลองหลวงวิทยาคม,2564/2,ทำงานรับผิดชอบตนเองและครอบครัว,P6,0
โรงเรียนธรรมศาสตร์คลองหลวงวิทยาคม,2564/2,ทำงานรับผิดชอบตนเองและครอบครัว,M1,0
โรงเรียนธรรมศาสตร์คลองหลวงวิทยาคม,2564/2,ทำงานรับผิดชอบตนเองและครอบครัว,M2,0
โรงเรียนธรรมศาสตร์คลองหลวงวิทยาคม,2564/2,ทำงานรับผิดชอบตนเองและครอบครัว,M3,0
โรงเรียนธรรมศาสตร์คลองหลวงวิทยาคม,2564/2,ทำงานรับผิดชอบตนเองและครอบครัว,M4,1
โรงเรียนธรรมศาสตร์คลองหลวงวิทยาคม,2564/2,ทำงานรับผิดชอบตนเองและครอบครัว,M5,0
โรงเรียนธรรมศาสตร์คลองหลวงวิทยาคม,2564/2,ทำงานรับผิดชอบตนเองและครอบครัว,M6,0
โรงเรียนบัวแก้วเกษร,2564/2,เด็กยากจน,P1,0
โรงเรียนบัวแก้วเกษร,2564/2,เด็กยากจน,P2,0
โรงเรียนบัวแก้วเกษร,2564/2,เด็กยากจน,P3,0
โรงเรียนบัวแก้วเกษร,2564/2,เด็กยากจน,P4,0
โรงเรียนบัวแก้วเกษร,2564/2,เด็กยากจน,P5,0
โรงเรียนบัวแก้วเกษร,2564/2,เด็กยากจน,P6,0
โรงเรียนบัวแก้วเกษร,2564/2,เด็กยากจน,M1,31
โรงเรียนบัวแก้วเกษร,2564/2,เด็กยากจน,M2,30
โรงเรียนบัวแก้วเกษร,2564/2,เด็กยากจน,M3,41
โรงเรียนบัวแก้วเกษร,2564/2,เด็กยากจน,M4,20
โรงเรียนบัวแก้วเกษร,2564/2,เด็กยากจน,M5,9
โรงเรียนบัวแก้วเกษร,2564/2,เด็กยากจน,M6,13
โรงเรียนวรราชาทินัดดามาตุวิทยา,2564/2,เด็กยากจน,P1,22
โรงเรียนวรราชาทินัดดามาตุวิทยา,2564/2,เด็กยากจน,P2,17
โรงเรียนวรราชาทินัดดามาตุวิทยา,2564/2,เด็กยากจน,P3,12
โรงเรียนวรราชาทินัดดามาตุวิทยา,2564/2,เด็กยากจน,P4,12
โรงเรียนวรราชาทินัดดามาตุวิทยา,2564/2,เด็กยากจน,P5,20
โรงเรียนวรราชาทินัดดามาตุวิทยา,2564/2,เด็กยากจน,P6,36
โรงเรียนวรราชาทินัดดามาตุวิทยา,2564/2,เด็กยากจน,M1,81
โรงเรียนวรราชาทินัดดามาตุวิทยา,2564/2,เด็กยากจน,M2,44
โรงเรียนวรราชาทินัดดามาตุวิทยา,2564/2,เด็กยากจน,M3,24
โรงเรียนวรราชาทินัดดามาตุวิทยา,2564/2,เด็กยากจน,M4,24
โรงเรียนวรราชาทินัดดามาตุวิทยา,2564/2,เด็กยากจน,M5,11
โรงเรียนวรราชาทินัดดามาตุวิทยา,2564/2,เด็กยากจน,M6,8
โรงเรียนสุนทโรเมตตาประชาสรรค์,2564/2,กำพร้า,P1,0
โรงเรียนสุนทโรเมตตาประชาสรรค์,2564/2,กำพร้า,P2,0
โรงเรียนสุนทโรเมตตาประชาสรรค์,2564/2,กำพร้า,P3,0
โรงเรียนสุนทโรเมตตาประชาสรรค์,2564/2,กำพร้า,P4,0
โรงเรียนสุนทโรเมตตาประชาสรรค์,2564/2,กำพร้า,P5,0
โรงเรียนสุนทโรเมตตาประชาสรรค์,2564/2,กำพร้า,P6,0
โรงเรียนสุนทโรเมตตาประชาสรรค์,2564/2,กำพร้า,M1,0
โรงเรียนสุนทโรเมตตาประชาสรรค์,2564/2,กำพร้า,M2,0
โรงเรียนสุนทโรเมตตาประชาสรรค์,2564/2,กำพร้า,M3,0
โรงเรียนสุนทโรเมตตาประชาสรรค์,2564/2,กำพร้า,M4,2
โรงเรียนสุนทโรเมตตาประชาสรรค์,2564/2,กำพร้า,M5,0
โรงเรียนสุนทโรเมตตาประชาสรรค์,2564/2,กำพร้า,M6,0
โรงเรียนสุนทโรเมตตาประชาสรรค์,2564/2,เด็กยากจน,P1,0
โรงเรียนสุนทโรเมตตาประชาสรรค์,2564/2,เด็กยากจน,P2,0
โรงเรียนสุนทโรเมตตาประชาสรรค์,2564/2,เด็กยากจน,P3,0
โรงเรียนสุนทโรเมตตาประชาสรรค์,2564/2,เด็กยากจน,P4,0
โรงเรียนสุนทโรเมตตาประชาสรรค์,2564/2,เด็กยากจน,P5,0
โรงเรียนสุนทโรเมตตาประชาสรรค์,2564/2,เด็กยากจน,P6,0
โรงเรียนสุนทโรเมตตาประชาสรรค์,2564/2,เด็กยากจน,M1,24
โรงเรียนสุนทโรเมตตาประชาสรรค์,2564/2,เด็กยากจน,M2,20
โรงเรียนสุนทโรเมตตาประชาสรรค์,2564/2,เด็กยากจน,M3,15
โรงเรียนสุนทโรเมตตาประชาสรรค์,2564/2,เด็กยากจน,M4,7
โรงเรียนสุนทโรเมตตาประชาสรรค์,2564/2,เด็กยากจน,M5,5
โรงเรียนสุนทโรเมตตาประชาสรรค์,2564/2,เด็กยากจน,M6,15
โรงเรียนวิทยาศาสตร์จุฬาภรณราชวิทยาลัย ปทุมธานี,2564/2,กำพร้า,P1,0
โรงเรียนวิทยาศาสตร์จุฬาภรณราชวิทยาลัย ปทุมธานี,2564/2,กำพร้า,P2,0
โรงเรียนวิทยาศาสตร์จุฬาภรณราชวิทยาลัย ปทุมธานี,2564/2,กำพร้า,P3,0
โรงเรียนวิทยาศาสตร์จุฬาภรณราชวิทยาลัย ปทุมธานี,2564/2,กำพร้า,P4,0
โรงเรียนวิทยาศาสตร์จุฬาภรณราชวิทยาลัย ปทุมธานี,2564/2,กำพร้า,P5,0
โรงเรียนวิทยาศาสตร์จุฬาภรณราชวิทยาลัย ปทุมธานี,2564/2,กำพร้า,P6,0
โรงเรียนวิทยาศาสตร์จุฬาภรณราชวิทยาลัย ปทุมธานี,2564/2,กำพร้า,M1,0
โรงเรียนวิทยาศาสตร์จุฬาภรณราชวิทยาลัย ปทุมธานี,2564/2,กำพร้า,M2,0
โรงเรียนวิทยาศาสตร์จุฬาภรณราชวิทยาลัย ปทุมธานี,2564/2,กำพร้า,M3,0
โรงเรียนวิทยาศาสตร์จุฬาภรณราชวิทยาลัย ปทุมธานี,2564/2,กำพร้า,M4,1
โรงเรียนวิทยาศาสตร์จุฬาภรณราชวิทยาลัย ปทุมธานี,2564/2,กำพร้า,M5,0
โรงเรียนวิทยาศาสตร์จุฬาภรณราชวิทยาลัย ปทุมธานี,2564/2,กำพร้า,M6,0
โรงเรียนชัยสิทธาวาส ,2564/2,เด็กยากจน,P1,0
โรงเรียนชัยสิทธาวาส ,2564/2,เด็กยากจน,P2,0
โรงเรียนชัยสิทธาวาส ,2564/2,เด็กยากจน,P3,0
โรงเรียนชัยสิทธาวาส ,2564/2,เด็กยากจน,P4,0
โรงเรียนชัยสิทธาวาส ,2564/2,เด็กยากจน,P5,0
โรงเรียนชัยสิทธาวาส ,2564/2,เด็กยากจน,P6,0
โรงเรียนชัยสิทธาวาส ,2564/2,เด็กยากจน,M1,73
โรงเรียนชัยสิทธาวาส ,2564/2,เด็กยากจน,M2,50
โรงเรียนชัยสิทธาวาส ,2564/2,เด็กยากจน,M3,46
โรงเรียนชัยสิทธาวาส ,2564/2,เด็กยากจน,M4,17
โรงเรียนชัยสิทธาวาส ,2564/2,เด็กยากจน,M5,27
โรงเรียนชัยสิทธาวาส ,2564/2,เด็กยากจน,M6,26
โรงเรียนเตรียมอุดมศึกษาน้อมเกล้า ปทุมธานี,2564/2,เด็กยากจน,P1,0
โรงเรียนเตรียมอุดมศึกษาน้อมเกล้า ปทุมธานี,2564/2,เด็กยากจน,P2,0
โรงเรียนเตรียมอุดมศึกษาน้อมเกล้า ปทุมธานี,2564/2,เด็กยากจน,P3,0
โรงเรียนเตรียมอุดมศึกษาน้อมเกล้า ปทุมธานี,2564/2,เด็กยากจน,P4,0
โรงเรียนเตรียมอุดมศึกษาน้อมเกล้า ปทุมธานี,2564/2,เด็กยากจน,P5,0
โรงเรียนเตรียมอุดมศึกษาน้อมเกล้า ปทุมธานี,2564/2,เด็กยากจน,P6,0
โรงเรียนเตรียมอุดมศึกษาน้อมเกล้า ปทุมธานี,2564/2,เด็กยากจน,M1,110
โรงเรียนเตรียมอุดมศึกษาน้อมเกล้า ปทุมธานี,2564/2,เด็กยากจน,M2,34
โรงเรียนเตรียมอุดมศึกษาน้อมเกล้า ปทุมธานี,2564/2,เด็กยากจน,M3,30
โรงเรียนเตรียมอุดมศึกษาน้อมเกล้า ปทุมธานี,2564/2,เด็กยากจน,M4,1
โรงเรียนเตรียมอุดมศึกษาน้อมเกล้า ปทุมธานี,2564/2,เด็กยากจน,M5,22
โรงเรียนเตรียมอุดมศึกษาน้อมเกล้า ปทุมธานี,2564/2,เด็กยากจน,M6,32
โรงเรียนเตรียมอุดมศึกษาน้อมเกล้า ปทุมธานี,2564/2,ทำงานรับผิดชอบตนเองและครอบครัว,P1,0
โรงเรียนเตรียมอุดมศึกษาน้อมเกล้า ปทุมธานี,2564/2,ทำงานรับผิดชอบตนเองและครอบครัว,P2,0
โรงเรียนเตรียมอุดมศึกษาน้อมเกล้า ปทุมธานี,2564/2,ทำงานรับผิดชอบตนเองและครอบครัว,P3,0
โรงเรียนเตรียมอุดมศึกษาน้อมเกล้า ปทุมธานี,2564/2,ทำงานรับผิดชอบตนเองและครอบครัว,P4,0
โรงเรียนเตรียมอุดมศึกษาน้อมเกล้า ปทุมธานี,2564/2,ทำงานรับผิดชอบตนเองและครอบครัว,P5,0
โรงเรียนเตรียมอุดมศึกษาน้อมเกล้า ปทุมธานี,2564/2,ทำงานรับผิดชอบตนเองและครอบครัว,P6,0
โรงเรียนเตรียมอุดมศึกษาน้อมเกล้า ปทุมธานี,2564/2,ทำงานรับผิดชอบตนเองและครอบครัว,M1,1
โรงเรียนเตรียมอุดมศึกษาน้อมเกล้า ปทุมธานี,2564/2,ทำงานรับผิดชอบตนเองและครอบครัว,M2,0
โรงเรียนเตรียมอุดมศึกษาน้อมเกล้า ปทุมธานี,2564/2,ทำงานรับผิดชอบตนเองและครอบครัว,M3,0
โรงเรียนเตรียมอุดมศึกษาน้อมเกล้า ปทุมธานี,2564/2,ทำงานรับผิดชอบตนเองและครอบครัว,M4,0
โรงเรียนเตรียมอุดมศึกษาน้อมเกล้า ปทุมธานี,2564/2,ทำงานรับผิดชอบตนเองและครอบครัว,M5,0
โรงเรียนเตรียมอุดมศึกษาน้อมเกล้า ปทุมธานี,2564/2,ทำงานรับผิดชอบตนเองและครอบครัว,M6,0
โรงเรียนเตรียมอุดมศึกษาน้อมเกล้า ปทุมธานี,2564/2,มีความด้อยโอกาสมากกว่า 1 ประเภท,P1,0
โรงเรียนเตรียมอุดมศึกษาน้อมเกล้า ปทุมธานี,2564/2,มีความด้อยโอกาสมากกว่า 1 ประเภท,P2,0
โรงเรียนเตรียมอุดมศึกษาน้อมเกล้า ปทุมธานี,2564/2,มีความด้อยโอกาสมากกว่า 1 ประเภท,P3,0
โรงเรียนเตรียมอุดมศึกษาน้อมเกล้า ปทุมธานี,2564/2,มีความด้อยโอกาสมากกว่า 1 ประเภท,P4,0
โรงเรียนเตรียมอุดมศึกษาน้อมเกล้า ปทุมธานี,2564/2,มีความด้อยโอกาสมากกว่า 1 ประเภท,P5,0
โรงเรียนเตรียมอุดมศึกษาน้อมเกล้า ปทุมธานี,2564/2,มีความด้อยโอกาสมากกว่า 1 ประเภท,P6,0
โรงเรียนเตรียมอุดมศึกษาน้อมเกล้า ปทุมธานี,2564/2,มีความด้อยโอกาสมากกว่า 1 ประเภท,M1,0
โรงเรียนเตรียมอุดมศึกษาน้อมเกล้า ปทุมธานี,2564/2,มีความด้อยโอกาสมากกว่า 1 ประเภท,M2,0
โรงเรียนเตรียมอุดมศึกษาน้อมเกล้า ปทุมธานี,2564/2,มีความด้อยโอกาสมากกว่า 1 ประเภท,M3,0
โรงเรียนเตรียมอุดมศึกษาน้อมเกล้า ปทุมธานี,2564/2,มีความด้อยโอกาสมากกว่า 1 ประเภท,M4,0
โรงเรียนเตรียมอุดมศึกษาน้อมเกล้า ปทุมธานี,2564/2,มีความด้อยโอกาสมากกว่า 1 ประเภท,M5,1
โรงเรียนเตรียมอุดมศึกษาน้อมเกล้า ปทุมธานี,2564/2,มีความด้อยโอกาสมากกว่า 1 ประเภท,M6,0
โรงเรียนธัญรัตน์,2564/2,เด็กยากจน,P1,0
โรงเรียนธัญรัตน์,2564/2,เด็กยากจน,P2,0
โรงเรียนธัญรัตน์,2564/2,เด็กยากจน,P3,0
โรงเรียนธัญรัตน์,2564/2,เด็กยากจน,P4,0
โรงเรียนธัญรัตน์,2564/2,เด็กยากจน,P5,0
โรงเรียนธัญรัตน์,2564/2,เด็กยากจน,P6,0
โรงเรียนธัญรัตน์,2564/2,เด็กยากจน,M1,139
โรงเรียนธัญรัตน์,2564/2,เด็กยากจน,M2,7
โรงเรียนธัญรัตน์,2564/2,เด็กยากจน,M3,102
โรงเรียนธัญรัตน์,2564/2,เด็กยากจน,M4,77
โรงเรียนธัญรัตน์,2564/2,เด็กยากจน,M5,1
โรงเรียนธัญรัตน์,2564/2,เด็กยากจน,M6,16
โรงเรียนธัญรัตน์,2564/2,ทำงานรับผิดชอบตนเองและครอบครัว,P1,0
โรงเรียนธัญรัตน์,2564/2,ทำงานรับผิดชอบตนเองและครอบครัว,P2,0
โรงเรียนธัญรัตน์,2564/2,ทำงานรับผิดชอบตนเองและครอบครัว,P3,0
โรงเรียนธัญรัตน์,2564/2,ทำงานรับผิดชอบตนเองและครอบครัว,P4,0
โรงเรียนธัญรัตน์,2564/2,ทำงานรับผิดชอบตนเองและครอบครัว,P5,0
โรงเรียนธัญรัตน์,2564/2,ทำงานรับผิดชอบตนเองและครอบครัว,P6,0
โรงเรียนธัญรัตน์,2564/2,ทำงานรับผิดชอบตนเองและครอบครัว,M1,0
โรงเรียนธัญรัตน์,2564/2,ทำงานรับผิดชอบตนเองและครอบครัว,M2,0
โรงเรียนธัญรัตน์,2564/2,ทำงานรับผิดชอบตนเองและครอบครัว,M3,0
โรงเรียนธัญรัตน์,2564/2,ทำงานรับผิดชอบตนเองและครอบครัว,M4,1
โรงเรียนธัญรัตน์,2564/2,ทำงานรับผิดชอบตนเองและครอบครัว,M5,0
โรงเรียนธัญรัตน์,2564/2,ทำงานรับผิดชอบตนเองและครอบครัว,M6,0
โรงเรียนสายปัญญารังสิต,2564/2,เด็กยากจน,P1,0
โรงเรียนสายปัญญารังสิต,2564/2,เด็กยากจน,P2,0
โรงเรียนสายปัญญารังสิต,2564/2,เด็กยากจน,P3,0
โรงเรียนสายปัญญารังสิต,2564/2,เด็กยากจน,P4,0
โรงเรียนสายปัญญารังสิต,2564/2,เด็กยากจน,P5,0
โรงเรียนสายปัญญารังสิต,2564/2,เด็กยากจน,P6,0
โรงเรียนสายปัญญารังสิต,2564/2,เด็กยากจน,M1,0
โรงเรียนสายปัญญารังสิต,2564/2,เด็กยากจน,M2,2
โรงเรียนสายปัญญารังสิต,2564/2,เด็กยากจน,M3,0
โรงเรียนสายปัญญารังสิต,2564/2,เด็กยากจน,M4,1
โรงเรียนสายปัญญารังสิต,2564/2,เด็กยากจน,M5,0
โรงเรียนสายปัญญารังสิต,2564/2,เด็กยากจน,M6,0
โรงเรียนหนองเสือวิทยาคม,2564/2,กำพร้า,P1,0
โรงเรียนหนองเสือวิทยาคม,2564/2,กำพร้า,P2,0
โรงเรียนหนองเสือวิทยาคม,2564/2,กำพร้า,P3,0
โรงเรียนหนองเสือวิทยาคม,2564/2,กำพร้า,P4,0
โรงเรียนหนองเสือวิทยาคม,2564/2,กำพร้า,P5,0
โรงเรียนหนองเสือวิทยาคม,2564/2,กำพร้า,P6,0
โรงเรียนหนองเสือวิทยาคม,2564/2,กำพร้า,M1,0
โรงเรียนหนองเสือวิทยาคม,2564/2,กำพร้า,M2,1
โรงเรียนหนองเสือวิทยาคม,2564/2,กำพร้า,M3,0
โรงเรียนหนองเสือวิทยาคม,2564/2,กำพร้า,M4,0
โรงเรียนหนองเสือวิทยาคม,2564/2,กำพร้า,M5,0
โรงเรียนหนองเสือวิทยาคม,2564/2,กำพร้า,M6,0
โรงเรียนหนองเสือวิทยาคม,2564/2,เด็กยากจน,P1,0
โรงเรียนหนองเสือวิทยาคม,2564/2,เด็กยากจน,P2,0
โรงเรียนหนองเสือวิทยาคม,2564/2,เด็กยากจน,P3,0
โรงเรียนหนองเสือวิทยาคม,2564/2,เด็กยากจน,P4,0
โรงเรียนหนองเสือวิทยาคม,2564/2,เด็กยากจน,P5,0
โรงเรียนหนองเสือวิทยาคม,2564/2,เด็กยากจน,P6,0
โรงเรียนหนองเสือวิทยาคม,2564/2,เด็กยากจน,M1,267
โรงเรียนหนองเสือวิทยาคม,2564/2,เด็กยากจน,M2,49
โรงเรียนหนองเสือวิทยาคม,2564/2,เด็กยากจน,M3,132
โรงเรียนหนองเสือวิทยาคม,2564/2,เด็กยากจน,M4,50
โรงเรียนหนองเสือวิทยาคม,2564/2,เด็กยากจน,M5,21
โรงเรียนหนองเสือวิทยาคม,2564/2,เด็กยากจน,M6,127
โรงเรียนหนองเสือวิทยาคม,2564/2,มีความด้อยโอกาสมากกว่า 1 ประเภท,P1,0
โรงเรียนหนองเสือวิทยาคม,2564/2,มีความด้อยโอกาสมากกว่า 1 ประเภท,P2,0
โรงเรียนหนองเสือวิทยาคม,2564/2,มีความด้อยโอกาสมากกว่า 1 ประเภท,P3,0
โรงเรียนหนองเสือวิทยาคม,2564/2,มีความด้อยโอกาสมากกว่า 1 ประเภท,P4,0
โรงเรียนหนองเสือวิทยาคม,2564/2,มีความด้อยโอกาสมากกว่า 1 ประเภท,P5,0
โรงเรียนหนองเสือวิทยาคม,2564/2,มีความด้อยโอกาสมากกว่า 1 ประเภท,P6,0
โรงเรียนหนองเสือวิทยาคม,2564/2,มีความด้อยโอกาสมากกว่า 1 ประเภท,M1,0
โรงเรียนหนองเสือวิทยาคม,2564/2,มีความด้อยโอกาสมากกว่า 1 ประเภท,M2,1
โรงเรียนหนองเสือวิทยาคม,2564/2,มีความด้อยโอกาสมากกว่า 1 ประเภท,M3,0
โรงเรียนหนองเสือวิทยาคม,2564/2,มีความด้อยโอกาสมากกว่า 1 ประเภท,M4,0
โรงเรียนหนองเสือวิทยาคม,2564/2,มีความด้อยโอกาสมากกว่า 1 ประเภท,M5,0
โรงเรียนหนองเสือวิทยาคม,2564/2,มีความด้อยโอกาสมากกว่า 1 ประเภท,M6,0
โรงเรียนเตรียมอุดมศึกษาพัฒนาการ ปทุมธานี,2564/2,กำพร้า,P1,0
โรงเรียนเตรียมอุดมศึกษาพัฒนาการ ปทุมธานี,2564/2,กำพร้า,P2,0
โรงเรียนเตรียมอุดมศึกษาพัฒนาการ ปทุมธานี,2564/2,กำพร้า,P3,0
โรงเรียนเตรียมอุดมศึกษาพัฒนาการ ปทุมธานี,2564/2,กำพร้า,P4,0
โรงเรียนเตรียมอุดมศึกษาพัฒนาการ ปทุมธานี,2564/2,กำพร้า,P5,0
โรงเรียนเตรียมอุดมศึกษาพัฒนาการ ปทุมธานี,2564/2,กำพร้า,P6,0
โรงเรียนเตรียมอุดมศึกษาพัฒนาการ ปทุมธานี,2564/2,กำพร้า,M1,0
โรงเรียนเตรียมอุดมศึกษาพัฒนาการ ปทุมธานี,2564/2,กำพร้า,M2,5
โรงเรียนเตรียมอุดมศึกษาพัฒนาการ ปทุมธานี,2564/2,กำพร้า,M3,8
โรงเรียนเตรียมอุดมศึกษาพัฒนาการ ปทุมธานี,2564/2,กำพร้า,M4,6
โรงเรียนเตรียมอุดมศึกษาพัฒนาการ ปทุมธานี,2564/2,กำพร้า,M5,3
โรงเรียนเตรียมอุดมศึกษาพัฒนาการ ปทุมธานี,2564/2,กำพร้า,M6,1
โรงเรียนเตรียมอุดมศึกษาพัฒนาการ ปทุมธานี,2564/2,เด็กยากจน,P1,0
โรงเรียนเตรียมอุดมศึกษาพัฒนาการ ปทุมธานี,2564/2,เด็กยากจน,P2,0
โรงเรียนเตรียมอุดมศึกษาพัฒนาการ ปทุมธานี,2564/2,เด็กยากจน,P3,0
โรงเรียนเตรียมอุดมศึกษาพัฒนาการ ปทุมธานี,2564/2,เด็กยากจน,P4,0
โรงเรียนเตรียมอุดมศึกษาพัฒนาการ ปทุมธานี,2564/2,เด็กยากจน,P5,0
โรงเรียนเตรียมอุดมศึกษาพัฒนาการ ปทุมธานี,2564/2,เด็กยากจน,P6,0
โรงเรียนเตรียมอุดมศึกษาพัฒนาการ ปทุมธานี,2564/2,เด็กยากจน,M1,21
โรงเรียนเตรียมอุดมศึกษาพัฒนาการ ปทุมธานี,2564/2,เด็กยากจน,M2,38
โรงเรียนเตรียมอุดมศึกษาพัฒนาการ ปทุมธานี,2564/2,เด็กยากจน,M3,41
โรงเรียนเตรียมอุดมศึกษาพัฒนาการ ปทุมธานี,2564/2,เด็กยากจน,M4,30
โรงเรียนเตรียมอุดมศึกษาพัฒนาการ ปทุมธานี,2564/2,เด็กยากจน,M5,38
โรงเรียนเตรียมอุดมศึกษาพัฒนาการ ปทุมธานี,2564/2,เด็กยากจน,M6,37
โรงเรียนเตรียมอุดมศึกษาพัฒนาการ ปทุมธานี,2564/2,ทำงานรับผิดชอบตนเองและครอบครัว,P1,0
โรงเรียนเตรียมอุดมศึกษาพัฒนาการ ปทุมธานี,2564/2,ทำงานรับผิดชอบตนเองและครอบครัว,P2,0
โรงเรียนเตรียมอุดมศึกษาพัฒนาการ ปทุมธานี,2564/2,ทำงานรับผิดชอบตนเองและครอบครัว,P3,0
โรงเรียนเตรียมอุดมศึกษาพัฒนาการ ปทุมธานี,2564/2,ทำงานรับผิดชอบตนเองและครอบครัว,P4,0
โรงเรียนเตรียมอุดมศึกษาพัฒนาการ ปทุมธานี,2564/2,ทำงานรับผิดชอบตนเองและครอบครัว,P5,0
โรงเรียนเตรียมอุดมศึกษาพัฒนาการ ปทุมธานี,2564/2,ทำงานรับผิดชอบตนเองและครอบครัว,P6,0
โรงเรียนเตรียมอุดมศึกษาพัฒนาการ ปทุมธานี,2564/2,ทำงานรับผิดชอบตนเองและครอบครัว,M1,1
โรงเรียนเตรียมอุดมศึกษาพัฒนาการ ปทุมธานี,2564/2,ทำงานรับผิดชอบตนเองและครอบครัว,M2,0
โรงเรียนเตรียมอุดมศึกษาพัฒนาการ ปทุมธานี,2564/2,ทำงานรับผิดชอบตนเองและครอบครัว,M3,0
โรงเรียนเตรียมอุดมศึกษาพัฒนาการ ปทุมธานี,2564/2,ทำงานรับผิดชอบตนเองและครอบครัว,M4,0
โรงเรียนเตรียมอุดมศึกษาพัฒนาการ ปทุมธานี,2564/2,ทำงานรับผิดชอบตนเองและครอบครัว,M5,0
โรงเรียนเตรียมอุดมศึกษาพัฒนาการ ปทุมธานี,2564/2,ทำงานรับผิดชอบตนเองและครอบครัว,M6,0
โรงเรียนเตรียมอุดมศึกษาพัฒนาการ ปทุมธานี,2564/2,มีความด้อยโอกาสมากกว่า 1 ประเภท,P1,0
โรงเรียนเตรียมอุดมศึกษาพัฒนาการ ปทุมธานี,2564/2,มีความด้อยโอกาสมากกว่า 1 ประเภท,P2,0
โรงเรียนเตรียมอุดมศึกษาพัฒนาการ ปทุมธานี,2564/2,มีความด้อยโอกาสมากกว่า 1 ประเภท,P3,0
โรงเรียนเตรียมอุดมศึกษาพัฒนาการ ปทุมธานี,2564/2,มีความด้อยโอกาสมากกว่า 1 ประเภท,P4,0
โรงเรียนเตรียมอุดมศึกษาพัฒนาการ ปทุมธานี,2564/2,มีความด้อยโอกาสมากกว่า 1 ประเภท,P5,0
โรงเรียนเตรียมอุดมศึกษาพัฒนาการ ปทุมธานี,2564/2,มีความด้อยโอกาสมากกว่า 1 ประเภท,P6,0
โรงเรียนเตรียมอุดมศึกษาพัฒนาการ ปทุมธานี,2564/2,มีความด้อยโอกาสมากกว่า 1 ประเภท,M1,0
โรงเรียนเตรียมอุดมศึกษาพัฒนาการ ปทุมธานี,2564/2,มีความด้อยโอกาสมากกว่า 1 ประเภท,M2,0
โรงเรียนเตรียมอุดมศึกษาพัฒนาการ ปทุมธานี,2564/2,มีความด้อยโอกาสมากกว่า 1 ประเภท,M3,0
โรงเรียนเตรียมอุดมศึกษาพัฒนาการ ปทุมธานี,2564/2,มีความด้อยโอกาสมากกว่า 1 ประเภท,M4,0
โรงเรียนเตรียมอุดมศึกษาพัฒนาการ ปทุมธานี,2564/2,มีความด้อยโอกาสมากกว่า 1 ประเภท,M5,1
โรงเรียนเตรียมอุดมศึกษาพัฒนาการ ปทุมธานี,2564/2,มีความด้อยโอกาสมากกว่า 1 ประเภท,M6,0
โรงเรียนเทพศิรินทร์คลองสิบสาม ปทุมธานี,2564/2,เด็กยากจน,P1,0
โรงเรียนเทพศิรินทร์คลองสิบสาม ปทุมธานี,2564/2,เด็กยากจน,P2,0
โรงเรียนเทพศิรินทร์คลองสิบสาม ปทุมธานี,2564/2,เด็กยากจน,P3,0
โรงเรียนเทพศิรินทร์คลองสิบสาม ปทุมธานี,2564/2,เด็กยากจน,P4,0
โรงเรียนเทพศิรินทร์คลองสิบสาม ปทุมธานี,2564/2,เด็กยากจน,P5,0
โรงเรียนเทพศิรินทร์คลองสิบสาม ปทุมธานี,2564/2,เด็กยากจน,P6,0
โรงเรียนเทพศิรินทร์คลองสิบสาม ปทุมธานี,2564/2,เด็กยากจน,M1,60
โรงเรียนเทพศิรินทร์คลองสิบสาม ปทุมธานี,2564/2,เด็กยากจน,M2,17
โรงเรียนเทพศิรินทร์คลองสิบสาม ปทุมธานี,2564/2,เด็กยากจน,M3,20
โรงเรียนเทพศิรินทร์คลองสิบสาม ปทุมธานี,2564/2,เด็กยากจน,M4,0
โรงเรียนเทพศิรินทร์คลองสิบสาม ปทุมธานี,2564/2,เด็กยากจน,M5,0
โรงเรียนเทพศิรินทร์คลองสิบสาม ปทุมธานี,2564/2,เด็กยากจน,M6,0
โรงเรียนนวมินทราชินูทิศ สวนกุหลาบวิทยาลัย ปทุมธานี,2564/2,เด็กยากจน,P1,0
โรงเรียนนวมินทราชินูทิศ สวนกุหลาบวิทยาลัย ปทุมธานี,2564/2,เด็กยากจน,P2,0
โรงเรียนนวมินทราชินูทิศ สวนกุหลาบวิทยาลัย ปทุมธานี,2564/2,เด็กยากจน,P3,0
โรงเรียนนวมินทราชินูทิศ สวนกุหลาบวิทยาลัย ปทุมธานี,2564/2,เด็กยากจน,P4,0
โรงเรียนนวมินทราชินูทิศ สวนกุหลาบวิทยาลัย ปทุมธานี,2564/2,เด็กยากจน,P5,0
โรงเรียนนวมินทราชินูทิศ สวนกุหลาบวิทยาลัย ปทุมธานี,2564/2,เด็กยากจน,P6,0
โรงเรียนนวมินทราชินูทิศ สวนกุหลาบวิทยาลัย ปทุมธานี,2564/2,เด็กยากจน,M1,26
โรงเรียนนวมินทราชินูทิศ สวนกุหลาบวิทยาลัย ปทุมธานี,2564/2,เด็กยากจน,M2,10
โรงเรียนนวมินทราชินูทิศ สวนกุหลาบวิทยาลัย ปทุมธานี,2564/2,เด็กยากจน,M3,49
โรงเรียนนวมินทราชินูทิศ สวนกุหลาบวิทยาลัย ปทุมธานี,2564/2,เด็กยากจน,M4,0
โรงเรียนนวมินทราชินูทิศ สวนกุหลาบวิทยาลัย ปทุมธานี,2564/2,เด็กยากจน,M5,0
โรงเรียนนวมินทราชินูทิศ สวนกุหลาบวิทยาลัย ปทุมธานี,2564/2,เด็กยากจน,M6,0
โรงเรียนมัธยมสังคีตวิทยา กรุงเทพมหานคร,2564/2,เด็กยากจน,P1,0
โรงเรียนมัธยมสังคีตวิทยา กรุงเทพมหานคร,2564/2,เด็กยากจน,P2,0
โรงเรียนมัธยมสังคีตวิทยา กรุงเทพมหานคร,2564/2,เด็กยากจน,P3,0
โรงเรียนมัธยมสังคีตวิทยา กรุงเทพมหานคร,2564/2,เด็กยากจน,P4,0
โรงเรียนมัธยมสังคีตวิทยา กรุงเทพมหานคร,2564/2,เด็กยากจน,P5,0
โรงเรียนมัธยมสังคีตวิทยา กรุงเทพมหานคร,2564/2,เด็กยากจน,P6,0
โรงเรียนมัธยมสังคีตวิทยา กรุงเทพมหานคร,2564/2,เด็กยากจน,M1,30
โรงเรียนมัธยมสังคีตวิทยา กรุงเทพมหานคร,2564/2,เด็กยากจน,M2,18
โรงเรียนมัธยมสังคีตวิทยา กรุงเทพมหานคร,2564/2,เด็กยากจน,M3,15
โรงเรียนมัธยมสังคีตวิทยา กรุงเทพมหานคร,2564/2,เด็กยากจน,M4,25
โรงเรียนมัธยมสังคีตวิทยา กรุงเทพมหานคร,2564/2,เด็กยากจน,M5,0
โรงเรียนมัธยมสังคีตวิทยา กรุงเทพมหานคร,2564/2,เด็กยากจน,M6,2
